,count,mean,std,min,25%,50%,75%,max,Variância,Assimetria,Curtose,Primeiro valor,Último valor,Variação (%),Retorno médio diário (%),Volatilidade diária (%),Valores_Faltantes,Percentual_Faltantes
Close,360.0,7.127771484851837,0.5186770467880389,5.8999528884887695,6.777667999267578,7.366779088973999,7.553300499916077,7.792980194091797,0.2690258788647615,-0.7587176231585886,-0.7225160461421081,7.368185520172119,7.079999923706055,-3.911215260216905,-0.006738977259657263,0.9379992391591455,0,0.0
